Instance_number,DATE,TIME,Road_type,ENVIRONMENT,LIGHT,SURFACE_CONDITION,TRAFFIC_CONTROL,COLLISION_CLASSIFICATION,IMPACT_TYPE,Location,NO_OF_PEDESTRIANS,Cluster
9460,Weekday,Noon,Road,'02 - Rain','01 - Daylight','02 - Wet','01 - Traffic signal','P.D. only','03 - Rear end',Ottawa_west,0,cluster5
9461,Weekday,Afternoon,Road,'02 - Rain','01 - Daylight','02 - Wet','02 - Stop sign',Injury,'07 - SMV other',Ottawa_east,0,cluster5
9465,Weekday,Afternoon,Road,'02 - Rain','01 - Daylight','02 - Wet','01 - Traffic signal','P.D. only','03 - Rear end',downtown,0,cluster5
9469,Weekday,Afternoon,Road,'01 - Clear','01 - Daylight','02 - Wet','01 - Traffic signal','P.D. only','05 - Turning movement',Ottawa_west,0,cluster5
9474,Weekday,Evening,Road,'02 - Rain','01 - Daylight','02 - Wet','01 - Traffic signal',Injury,'07 - SMV other',downtown,0,cluster5
9478,Weekday,Evening,highway,'02 - Rain','01 - Daylight','02 - Wet','01 - Traffic signal',Injury,'07 - SMV other',Ottawa_west,0,cluster5
9480,Weekday,Evening,Road,'01 - Clear','01 - Daylight','02 - Wet','01 - Traffic signal','P.D. only','05 - Turning movement',Ottawa_west,0,cluster5
9491,Weekday,Night,Road,'01 - Clear','01 - Daylight','02 - Wet','01 - Traffic signal',Injury,'02 - Angle',mid_town,0,cluster5
9498,Weekday,Night,Road,'01 - Clear','01 - Daylight','02 - Wet','10 - No control','P.D. only','07 - SMV other',Ottawa_west,0,cluster5
9561,Weekends,Afternoon,Road,'01 - Clear','01 - Daylight','01 - Dry','01 - Traffic signal','P.D. only','07 - SMV other',downtown,0,cluster5
9578,Weekends,Night,Road,'01 - Clear','01 - Daylight','01 - Dry','01 - Traffic signal',Injury,'07 - SMV other',downtown,1,cluster5
9599,Weekday,Early_Morning,Road,'02 - Rain','07 - Dark','02 - Wet','01 - Traffic signal',Injury,'07 - SMV other',downtown,1,cluster5
9600,Weekends,Night,Road,'02 - Rain','01 - Daylight','02 - Wet','01 - Traffic signal','P.D. only','04 - Sideswipe',Ottawa_west,0,cluster5
9617,Weekends,Night,Road,'01 - Clear','01 - Daylight','01 - Dry','01 - Traffic signal',Injury,'07 - SMV other',downtown,2,cluster5
9657,Weekday,Night,Road,'01 - Clear','01 - Daylight','01 - Dry','01 - Traffic signal',Injury,'07 - SMV other',downtown,1,cluster5
9758,Weekday,Night,Road,'01 - Clear','01 - Daylight','01 - Dry','01 - Traffic signal',Injury,'07 - SMV other',Ottawa_east,2,cluster5
9763,Weekday,Night,Road,'01 - Clear','01 - Daylight','01 - Dry','01 - Traffic signal',Injury,'07 - SMV other',mid_town,1,cluster5
9857,Weekends,Night,Road,'01 - Clear','01 - Daylight','01 - Dry','01 - Traffic signal',Injury,'07 - SMV other',Ottawa_south,0,cluster5
9886,Weekday,Night,Road,'01 - Clear','01 - Daylight','08 - Loose sand or gravel','01 - Traffic signal','P.D. only','07 - SMV other',downtown,0,cluster5
9887,Weekday,Night,Road,'01 - Clear','01 - Daylight','01 - Dry','01 - Traffic signal',Injury,'07 - SMV other',downtown,1,cluster5
9923,Weekday,Evening,Road,'01 - Clear','01 - Daylight','01 - Dry','01 - Traffic signal',Injury,'07 - SMV other',downtown,1,cluster5
9942,Weekday,Evening,Road,'01 - Clear','01 - Daylight','01 - Dry','01 - Traffic signal','P.D. only','07 - SMV other',downtown,0,cluster5
9993,Weekends,Night,Road,'02 - Rain','01 - Daylight','02 - Wet','01 - Traffic signal',Injury,'02 - Angle',Ottawa_west,0,cluster5
10001,Weekday,Noon,Road,'02 - Rain','03 - Dawn','02 - Wet','02 - Stop sign','P.D. only','07 - SMV other',downtown,0,cluster5
10003,Weekday,Early_Morning,Road,'01 - Clear','07 - Dark','02 - Wet','01 - Traffic signal','P.D. only','07 - SMV other',Ottawa_south,0,cluster5
10005,Weekday,Night,Road,'02 - Rain','01 - Daylight','02 - Wet','01 - Traffic signal','P.D. only','03 - Rear end',Ottawa_west,0,cluster5
10007,Weekday,Noon,Road,'02 - Rain','01 - Daylight','02 - Wet','01 - Traffic signal','P.D. only','03 - Rear end',Ottawa_east,0,cluster5
10009,Weekday,Noon,Road,'02 - Rain','01 - Daylight','02 - Wet','01 - Traffic signal',Injury,'07 - SMV other',Ottawa_west,1,cluster5
10011,Weekday,Noon,Road,'01 - Clear','01 - Daylight','02 - Wet','01 - Traffic signal',Injury,'05 - Turning movement',mid_town,0,cluster5
10015,Weekday,Noon,Road,'01 - Clear','01 - Daylight','02 - Wet','01 - Traffic signal','P.D. only','04 - Sideswipe',Ottawa_west,0,cluster5
10021,Weekday,Night,Road,'02 - Rain','07 - Dark','02 - Wet','01 - Traffic signal','P.D. only','03 - Rear end',Ottawa_west,0,cluster5
10071,Weekday,Noon,Road,'01 - Clear','01 - Daylight','02 - Wet','01 - Traffic signal','P.D. only','99 - Other',mid_town,0,cluster5
10106,Weekday,Night,Road,'01 - Clear','01 - Daylight','02 - Wet','01 - Traffic signal','P.D. only','03 - Rear end',downtown,0,cluster5
10107,Weekday,Evening,Road,'02 - Rain','01 - Daylight','02 - Wet','01 - Traffic signal','P.D. only','04 - Sideswipe',downtown,0,cluster5
10121,Weekday,Morning,Road,'01 - Clear','07 - Dark','02 - Wet','10 - No control','P.D. only','07 - SMV other',Ottawa_east,0,cluster5
10123,Weekday,Afternoon,Road,'06 - Strong wind','01 - Daylight','01 - Dry','01 - Traffic signal','P.D. only','07 - SMV other',downtown,0,cluster5
10143,Weekday,Night,Road,'02 - Rain','01 - Daylight','02 - Wet','01 - Traffic signal','P.D. only','03 - Rear end',downtown,0,cluster5
10171,Weekday,Night,Road,'02 - Rain','01 - Daylight','02 - Wet','01 - Traffic signal','P.D. only','04 - Sideswipe',downtown,0,cluster5
10178,Weekday,Night,Road,'02 - Rain','01 - Daylight','02 - Wet','01 - Traffic signal','P.D. only','03 - Rear end',mid_town,0,cluster5
10221,Weekday,Noon,Road,'01 - Clear','03 - Dawn','02 - Wet','10 - No control','P.D. only','07 - SMV other',Ottawa_west,0,cluster5
10222,Weekday,Afternoon,Road,'01 - Clear','01 - Daylight','01 - Dry','01 - Traffic signal',Injury,'07 - SMV other',downtown,1,cluster5
10226,Weekday,Night,highway,'01 - Clear','07 - Dark','02 - Wet','02 - Stop sign','P.D. only','02 - Angle',downtown,0,cluster5
10235,Weekday,Evening,Road,'01 - Clear','01 - Daylight','01 - Dry','01 - Traffic signal',Injury,'07 - SMV other',downtown,1,cluster5
10238,Weekday,Evening,Road,'01 - Clear','01 - Daylight','01 - Dry','01 - Traffic signal','P.D. only','07 - SMV other',downtown,0,cluster5
10270,Weekday,Afternoon,Road,'02 - Rain','01 - Daylight','02 - Wet','02 - Stop sign',Injury,'07 - SMV other',downtown,1,cluster5
10281,Weekday,Night,Road,'01 - Clear','01 - Daylight','02 - Wet','01 - Traffic signal','P.D. only','05 - Turning movement',Ottawa_west,0,cluster5
10294,Weekday,Night,Road,'01 - Clear','01 - Daylight','02 - Wet','01 - Traffic signal','P.D. only','05 - Turning movement',mid_town,0,cluster5
10296,Weekday,Night,Road,'02 - Rain','01 - Daylight','02 - Wet','01 - Traffic signal','P.D. only','05 - Turning movement',mid_town,0,cluster5
10312,Weekends,Noon,Road,'01 - Clear','01 - Daylight','01 - Dry','01 - Traffic signal','P.D. only','07 - SMV other',Ottawa_west,0,cluster5
10318,Weekday,Noon,Road,'02 - Rain','03 - Dawn','02 - Wet','01 - Traffic signal','P.D. only','03 - Rear end',Ottawa_south,0,cluster5
10336,Weekday,Night,Road,'02 - Rain','07 - Dark','02 - Wet','02 - Stop sign',Injury,'02 - Angle',downtown,0,cluster5
10337,Weekday,Evening,Road,'01 - Clear','01 - Daylight','01 - Dry','01 - Traffic signal',Injury,'07 - SMV other',downtown,1,cluster5
10339,Weekday,Night,Road,'02 - Rain','07 - Dark','02 - Wet','10 - No control','P.D. only','07 - SMV other',Ottawa_south,0,cluster5
10346,Weekday,Noon,Road,'02 - Rain','01 - Daylight','02 - Wet','01 - Traffic signal','P.D. only','03 - Rear end',downtown,0,cluster5
10348,Weekday,Noon,Road,'02 - Rain','01 - Daylight','02 - Wet','01 - Traffic signal','P.D. only','03 - Rear end',downtown,0,cluster5
10419,Weekday,Night,Road,'01 - Clear','01 - Daylight','01 - Dry','01 - Traffic signal','P.D. only','07 - SMV other',downtown,0,cluster5
10442,Weekday,Noon,Road,'01 - Clear','01 - Daylight','02 - Wet','10 - No control','P.D. only','07 - SMV other',Ottawa_east,0,cluster5
10443,Weekday,Noon,Road,'01 - Clear','01 - Daylight','02 - Wet','01 - Traffic signal','P.D. only','03 - Rear end',downtown,0,cluster5
10477,Weekday,Night,Road,'02 - Rain','07 - Dark','02 - Wet','02 - Stop sign',Injury,'02 - Angle',mid_town,0,cluster5
10545,Weekends,Night,Road,'02 - Rain','01 - Daylight','02 - Wet','01 - Traffic signal','P.D. only','04 - Sideswipe',downtown,0,cluster5
10555,Weekday,Night,Road,'01 - Clear','01 - Daylight','01 - Dry','01 - Traffic signal',Injury,'07 - SMV other',mid_town,0,cluster5
10585,Weekday,Night,Road,'01 - Clear','05 - Dusk','02 - Wet','10 - No control',Injury,'07 - SMV other',Ottawa_west,0,cluster5
10594,Weekday,Noon,Road,'02 - Rain','03 - Dawn','02 - Wet','01 - Traffic signal',Injury,'02 - Angle',downtown,0,cluster5
10595,Weekday,Noon,Road,'02 - Rain','03 - Dawn','02 - Wet','01 - Traffic signal','P.D. only','03 - Rear end',downtown,0,cluster5
10596,Weekday,Noon,Road,'01 - Clear','01 - Daylight','02 - Wet','10 - No control','P.D. only','07 - SMV other',Ottawa_west,0,cluster5
10599,Weekday,Noon,Road,'02 - Rain','01 - Daylight','02 - Wet','01 - Traffic signal',Injury,'03 - Rear end',downtown,0,cluster5
10608,Weekday,Afternoon,Road,'01 - Clear','01 - Daylight','02 - Wet','01 - Traffic signal','P.D. only','03 - Rear end',Ottawa_west,0,cluster5
10635,Weekday,Noon,Road,'01 - Clear','01 - Daylight','02 - Wet','01 - Traffic signal',Injury,'05 - Turning movement',mid_town,0,cluster5
10697,Weekday,Night,Road,'02 - Rain','01 - Daylight','02 - Wet','01 - Traffic signal','P.D. only','05 - Turning movement',mid_town,0,cluster5
10706,Weekday,Night,Road,'02 - Rain','07 - Dark','02 - Wet','01 - Traffic signal',Injury,'03 - Rear end',Ottawa_west,0,cluster5
10745,Weekday,Afternoon,Road,'01 - Clear','01 - Daylight','01 - Dry','01 - Traffic signal',Injury,'07 - SMV other',downtown,1,cluster5
10747,Weekday,Afternoon,Road,'02 - Rain','01 - Daylight','02 - Wet','01 - Traffic signal',Injury,'07 - SMV other',mid_town,1,cluster5
10756,Weekday,Evening,Road,'02 - Rain','01 - Daylight','02 - Wet','01 - Traffic signal','P.D. only','05 - Turning movement',Ottawa_south,0,cluster5
10759,Weekday,Evening,Road,'02 - Rain','01 - Daylight','02 - Wet','01 - Traffic signal','P.D. only','05 - Turning movement',downtown,0,cluster5
10763,Weekday,Night,Road,'02 - Rain','01 - Daylight','02 - Wet','01 - Traffic signal',Injury,'03 - Rear end',mid_town,0,cluster5
10765,Weekday,Night,Road,'02 - Rain','01 - Daylight','02 - Wet','02 - Stop sign',Injury,'02 - Angle',Ottawa_south,0,cluster5
10770,Weekday,Night,Road,'02 - Rain','01 - Daylight','02 - Wet','01 - Traffic signal','P.D. only','03 - Rear end',Ottawa_west,0,cluster5
10771,Weekday,Night,Road,'02 - Rain','01 - Daylight','02 - Wet','01 - Traffic signal','P.D. only','05 - Turning movement',downtown,0,cluster5
10772,Weekday,Night,Road,'02 - Rain','01 - Daylight','02 - Wet','02 - Stop sign','P.D. only','05 - Turning movement',Ottawa_east,0,cluster5
10775,Weekday,Night,Road,'02 - Rain','05 - Dusk','02 - Wet','01 - Traffic signal','P.D. only','05 - Turning movement',mid_town,0,cluster5
10777,Weekday,Night,Road,'02 - Rain','01 - Daylight','02 - Wet','10 - No control','P.D. only','07 - SMV other',Ottawa_east,0,cluster5
10778,Weekday,Night,highway,'02 - Rain','05 - Dusk','02 - Wet','01 - Traffic signal','P.D. only','03 - Rear end',Ottawa_west,0,cluster5
10784,Weekday,Night,Road,'02 - Rain','01 - Daylight','02 - Wet','02 - Stop sign','P.D. only','02 - Angle',downtown,0,cluster5
10785,Weekday,Night,Road,'02 - Rain','05 - Dusk','02 - Wet','01 - Traffic signal','P.D. only','03 - Rear end',Ottawa_west,0,cluster5
10787,Weekday,Night,Road,'02 - Rain','07 - Dark','02 - Wet','01 - Traffic signal','P.D. only','03 - Rear end',downtown,0,cluster5
10789,Weekday,Night,Road,'02 - Rain','05 - Dusk','02 - Wet','01 - Traffic signal','P.D. only','04 - Sideswipe',Ottawa_east,0,cluster5
10797,Weekday,Early_Morning,Road,'02 - Rain','07 - Dark','02 - Wet','01 - Traffic signal',Injury,'07 - SMV other',downtown,1,cluster5
10800,Weekday,Night,Road,'02 - Rain','01 - Daylight','02 - Wet','01 - Traffic signal','P.D. only','03 - Rear end',mid_town,0,cluster5
10803,Weekday,Noon,Road,'02 - Rain','03 - Dawn','02 - Wet','01 - Traffic signal','P.D. only','03 - Rear end',Ottawa_east,0,cluster5
10804,Weekday,Noon,Road,'02 - Rain','01 - Daylight','02 - Wet','01 - Traffic signal','P.D. only','02 - Angle',downtown,0,cluster5
10828,Weekends,Night,Road,'01 - Clear','01 - Daylight','01 - Dry','01 - Traffic signal',Injury,'07 - SMV other',downtown,1,cluster5
10843,Weekday,Noon,Road,'02 - Rain','01 - Daylight','02 - Wet','01 - Traffic signal',Injury,'03 - Rear end',downtown,0,cluster5
10844,Weekday,Noon,Road,'02 - Rain','01 - Daylight','02 - Wet','01 - Traffic signal','P.D. only','03 - Rear end',Ottawa_south,0,cluster5
10845,Weekday,Noon,Road,'02 - Rain','01 - Daylight','02 - Wet','01 - Traffic signal','P.D. only','07 - SMV other',downtown,1,cluster5
10848,Weekday,Afternoon,Road,'02 - Rain','01 - Daylight','02 - Wet','01 - Traffic signal','P.D. only','04 - Sideswipe',downtown,0,cluster5
10849,Weekday,Evening,Road,'01 - Clear','01 - Daylight','01 - Dry','01 - Traffic signal',Injury,'07 - SMV other',downtown,1,cluster5
10864,Weekday,Night,Road,'01 - Clear','01 - Daylight','02 - Wet','01 - Traffic signal','P.D. only','03 - Rear end',downtown,0,cluster5
10873,Weekday,Night,Road,'01 - Clear','07 - Dark','02 - Wet','01 - Traffic signal',Injury,'02 - Angle',mid_town,0,cluster5
10883,Weekday,Noon,Road,'02 - Rain','01 - Daylight','02 - Wet','01 - Traffic signal','P.D. only','05 - Turning movement',downtown,0,cluster5
10884,Weekday,Noon,Road,'01 - Clear','01 - Daylight','02 - Wet','01 - Traffic signal',Injury,'05 - Turning movement',mid_town,0,cluster5
10885,Weekday,Noon,Road,'01 - Clear','01 - Daylight','02 - Wet','10 - No control','P.D. only','07 - SMV other',downtown,0,cluster5
10889,Weekday,Afternoon,Road,'01 - Clear','01 - Daylight','02 - Wet','01 - Traffic signal',Injury,'05 - Turning movement',mid_town,0,cluster5
10895,Weekday,Evening,Road,'01 - Clear','01 - Daylight','01 - Dry','01 - Traffic signal','P.D. only','07 - SMV other',downtown,0,cluster5
10964,Weekends,Night,Road,'02 - Rain','01 - Daylight','02 - Wet','01 - Traffic signal','P.D. only','04 - Sideswipe',mid_town,0,cluster5
11012,Weekday,Night,Road,'02 - Rain','07 - Dark','02 - Wet','01 - Traffic signal','P.D. only','03 - Rear end',mid_town,0,cluster5
11043,Weekday,Evening,Road,'01 - Clear','01 - Daylight','01 - Dry','01 - Traffic signal','P.D. only','07 - SMV other',downtown,0,cluster5
11080,Weekday,Noon,highway,'01 - Clear','01 - Daylight','02 - Wet','01 - Traffic signal',Injury,'07 - SMV other',mid_town,0,cluster5
11083,Weekday,Afternoon,Road,'02 - Rain','01 - Daylight','02 - Wet','01 - Traffic signal','P.D. only','03 - Rear end',Ottawa_east,0,cluster5
11159,Weekday,Night,Road,'01 - Clear','07 - Dark','02 - Wet','10 - No control','P.D. only','07 - SMV other',Ottawa_east,0,cluster5
11164,Weekday,Noon,Road,'01 - Clear','03 - Dawn','02 - Wet','10 - No control','P.D. only','07 - SMV other',Ottawa_east,0,cluster5
11165,Weekday,Noon,Road,'01 - Clear','03 - Dawn','02 - Wet','01 - Traffic signal','P.D. only','03 - Rear end',downtown,0,cluster5
11166,Weekday,Noon,Road,'01 - Clear','03 - Dawn','02 - Wet','10 - No control','P.D. only','07 - SMV other',Ottawa_east,0,cluster5
11167,Weekday,Noon,Road,'01 - Clear','01 - Daylight','02 - Wet','01 - Traffic signal','P.D. only','07 - SMV other',downtown,0,cluster5
11168,Weekday,Noon,Road,'01 - Clear','01 - Daylight','02 - Wet','01 - Traffic signal',Injury,'07 - SMV other',downtown,1,cluster5
11175,Weekday,Night,Road,'01 - Clear','05 - Dusk','02 - Wet','01 - Traffic signal','P.D. only','04 - Sideswipe',downtown,0,cluster5
11182,Weekday,Evening,Road,'01 - Clear','01 - Daylight','02 - Wet','01 - Traffic signal','P.D. only','05 - Turning movement',downtown,0,cluster5
11185,Weekday,Night,Road,'03 - Snow','01 - Daylight','02 - Wet','02 - Stop sign','P.D. only','05 - Turning movement',downtown,0,cluster5
11186,Weekday,Night,Road,'02 - Rain','01 - Daylight','02 - Wet','01 - Traffic signal','P.D. only','03 - Rear end',mid_town,0,cluster5
11189,Weekday,Night,Road,'01 - Clear','05 - Dusk','02 - Wet','10 - No control','P.D. only','07 - SMV other',downtown,0,cluster5
11190,Weekday,Night,Road,'01 - Clear','05 - Dusk','02 - Wet','02 - Stop sign','P.D. only','02 - Angle',downtown,0,cluster5
11194,Weekday,Night,Road,'03 - Snow','07 - Dark','02 - Wet','01 - Traffic signal',Injury,'07 - SMV other',downtown,1,cluster5
11196,Weekday,Night,Road,'02 - Rain','07 - Dark','02 - Wet','01 - Traffic signal',Injury,'03 - Rear end',Ottawa_west,0,cluster5
11199,Weekday,Night,Road,'03 - Snow','07 - Dark','02 - Wet','01 - Traffic signal','P.D. only','04 - Sideswipe',mid_town,0,cluster5
11241,Weekday,Noon,Road,'03 - Snow','01 - Daylight','06 - Ice','01 - Traffic signal','P.D. only','02 - Angle',downtown,0,cluster5
11262,Weekday,Night,Road,'01 - Clear','01 - Daylight','04 - Slush','01 - Traffic signal','P.D. only','05 - Turning movement',downtown,0,cluster5
11263,Weekday,Night,Road,'03 - Snow','01 - Daylight','02 - Wet','01 - Traffic signal',Injury,'05 - Turning movement',Ottawa_east,0,cluster5
11269,Weekday,Night,Road,'01 - Clear','07 - Dark','02 - Wet','10 - No control','P.D. only','07 - SMV other',Ottawa_west,0,cluster5
11271,Weekday,Night,Road,'01 - Clear','07 - Dark','02 - Wet','01 - Traffic signal','P.D. only','03 - Rear end',mid_town,0,cluster5
11277,Weekday,Night,Road,'01 - Clear','07 - Dark','02 - Wet','01 - Traffic signal',Injury,'03 - Rear end',downtown,0,cluster5
11295,Weekday,Afternoon,Road,'01 - Clear','01 - Daylight','02 - Wet','01 - Traffic signal','P.D. only','04 - Sideswipe',downtown,0,cluster5
11308,Weekday,Evening,Road,'01 - Clear','01 - Daylight','01 - Dry','01 - Traffic signal',Injury,'07 - SMV other',downtown,1,cluster5
11313,Weekday,Night,Road,'02 - Rain','01 - Daylight','02 - Wet','01 - Traffic signal',Injury,'02 - Angle',downtown,0,cluster5
11324,Weekday,Night,Road,'02 - Rain','05 - Dusk','02 - Wet','01 - Traffic signal','P.D. only','05 - Turning movement',downtown,0,cluster5
11325,Weekday,Evening,Road,'01 - Clear','01 - Daylight','02 - Wet','01 - Traffic signal',Injury,'07 - SMV other',downtown,1,cluster5
11331,Weekday,Night,Road,'02 - Rain','05 - Dusk','02 - Wet','10 - No control','P.D. only','07 - SMV other',Ottawa_south,0,cluster5
11339,Weekday,Night,Road,'01 - Clear','01 - Daylight','02 - Wet','01 - Traffic signal',Injury,'07 - SMV other',mid_town,1,cluster5
11344,Weekday,Night,Road,'01 - Clear','05 - Dusk','05 - Packed snow','01 - Traffic signal','P.D. only','99 - Other',mid_town,0,cluster5
11350,Weekday,Night,Road,'02 - Rain','07 - Dark','02 - Wet','01 - Traffic signal','P.D. only','03 - Rear end',mid_town,0,cluster5
11368,Weekends,Night,Road,'02 - Rain','05 - Dusk','02 - Wet','01 - Traffic signal','P.D. only','05 - Turning movement',downtown,0,cluster5
11372,Weekends,Night,Road,'01 - Clear','07 - Dark','02 - Wet','01 - Traffic signal','P.D. only','02 - Angle',downtown,0,cluster5
11377,Weekends,Night,Road,'02 - Rain','01 - Daylight','02 - Wet','01 - Traffic signal','P.D. only','05 - Turning movement',mid_town,0,cluster5
11380,Weekday,Afternoon,Road,'03 - Snow','01 - Daylight','02 - Wet','01 - Traffic signal',Injury,'02 - Angle',downtown,0,cluster5
11389,Weekday,Evening,Road,'02 - Rain','01 - Daylight','02 - Wet','02 - Stop sign',Injury,'07 - SMV other',downtown,1,cluster5
11397,Weekday,Night,Road,'02 - Rain','01 - Daylight','02 - Wet','02 - Stop sign',Injury,'01 - Approaching',Ottawa_west,0,cluster5
11399,Weekday,Night,Road,'02 - Rain','01 - Daylight','02 - Wet','01 - Traffic signal','P.D. only','03 - Rear end',mid_town,0,cluster5
11401,Weekday,Night,Road,'02 - Rain','05 - Dusk','02 - Wet','01 - Traffic signal','P.D. only','07 - SMV other',mid_town,0,cluster5
11402,Weekday,Night,Road,'06 - Strong wind','01 - Daylight','02 - Wet','01 - Traffic signal','P.D. only','04 - Sideswipe',mid_town,0,cluster5
11406,Weekday,Night,Road,'02 - Rain','07 - Dark','02 - Wet','02 - Stop sign','P.D. only','02 - Angle',Ottawa_south,0,cluster5
11407,Weekday,Night,Road,'02 - Rain','05 - Dusk','02 - Wet','02 - Stop sign',Injury,'07 - SMV other',downtown,1,cluster5
11408,Weekday,Night,Road,'02 - Rain','01 - Daylight','02 - Wet','01 - Traffic signal','P.D. only','05 - Turning movement',Ottawa_east,0,cluster5
11410,Weekday,Night,Road,'02 - Rain','05 - Dusk','02 - Wet','01 - Traffic signal','P.D. only','03 - Rear end',mid_town,0,cluster5
11411,Weekday,Night,Road,'02 - Rain','07 - Dark','02 - Wet','10 - No control','P.D. only','07 - SMV other',Ottawa_south,0,cluster5
11412,Weekday,Night,Road,'02 - Rain','07 - Dark','02 - Wet','01 - Traffic signal','P.D. only','03 - Rear end',Ottawa_west,0,cluster5
11431,Weekday,Night,Road,'01 - Clear','01 - Daylight','02 - Wet','02 - Stop sign','P.D. only','05 - Turning movement',Ottawa_east,0,cluster5
11443,Weekday,Noon,Road,'01 - Clear','01 - Daylight','02 - Wet','01 - Traffic signal','P.D. only','05 - Turning movement',downtown,0,cluster5
11463,Weekday,Night,Road,'01 - Clear','01 - Daylight','02 - Wet','01 - Traffic signal','P.D. only','05 - Turning movement',Ottawa_west,0,cluster5
11484,Weekday,Early_Morning,Road,'02 - Rain','07 - Dark','02 - Wet','10 - No control','P.D. only','07 - SMV other',downtown,0,cluster5
11524,Weekday,Noon,Road,'01 - Clear','01 - Daylight','01 - Dry','01 - Traffic signal',Injury,'07 - SMV other',downtown,1,cluster5
11541,Weekday,Evening,Road,'01 - Clear','01 - Daylight','01 - Dry','01 - Traffic signal','P.D. only','07 - SMV other',downtown,0,cluster5
11567,Weekday,Evening,Road,'01 - Clear','01 - Daylight','01 - Dry','01 - Traffic signal','P.D. only','07 - SMV other',downtown,0,cluster5
11608,Weekday,Noon,Road,'02 - Rain','01 - Daylight','02 - Wet','02 - Stop sign','P.D. only','07 - SMV other',Ottawa_south,0,cluster5
11610,Weekday,Noon,highway,'01 - Clear','01 - Daylight','02 - Wet','10 - No control','P.D. only','07 - SMV other',Ottawa_west,0,cluster5
11617,Weekday,Afternoon,Road,'02 - Rain','01 - Daylight','02 - Wet','01 - Traffic signal','P.D. only','05 - Turning movement',mid_town,0,cluster5
11618,Weekday,Afternoon,Road,'02 - Rain','01 - Daylight','02 - Wet','01 - Traffic signal','P.D. only','02 - Angle',Ottawa_east,0,cluster5
11619,Weekday,Afternoon,Road,'02 - Rain','01 - Daylight','02 - Wet','01 - Traffic signal',Injury,'02 - Angle',downtown,0,cluster5
11620,Weekday,Afternoon,Road,'02 - Rain','01 - Daylight','02 - Wet','01 - Traffic signal','P.D. only','05 - Turning movement',mid_town,0,cluster5
11621,Weekday,Afternoon,Road,'01 - Clear','01 - Daylight','02 - Wet','01 - Traffic signal','P.D. only','02 - Angle',mid_town,0,cluster5
11631,Weekday,Night,Road,'02 - Rain','01 - Daylight','02 - Wet','01 - Traffic signal','P.D. only','07 - SMV other',downtown,0,cluster5
11632,Weekday,Night,Road,'02 - Rain','01 - Daylight','02 - Wet','01 - Traffic signal',Injury,'07 - SMV other',downtown,1,cluster5
11635,Weekday,Night,Road,'02 - Rain','01 - Daylight','02 - Wet','01 - Traffic signal','P.D. only','03 - Rear end',downtown,0,cluster5
11637,Weekday,Night,Road,'02 - Rain','05 - Dusk','02 - Wet','02 - Stop sign','P.D. only','02 - Angle',mid_town,0,cluster5
11640,Weekday,Night,Road,'02 - Rain','05 - Dusk','02 - Wet','02 - Stop sign',Injury,'07 - SMV other',mid_town,1,cluster5
11641,Weekday,Night,Road,'02 - Rain','05 - Dusk','02 - Wet','10 - No control','P.D. only','07 - SMV other',Ottawa_west,0,cluster5
11643,Weekday,Night,Road,'02 - Rain','07 - Dark','02 - Wet','01 - Traffic signal',Injury,'03 - Rear end',mid_town,0,cluster5